{
  "camera_matrix": [
    [
      16831.599227574385,
      0.0,
      2067.323969366396
    ],
    [
      0.0,
      16840.350309095124,
      1123.9856308649728
    ],
    [
      0.0,
      0.0,
      1.0
    ]
  ],
  "dist_coeffs": [
    [
      -1.3756739748848248,
      -8.391974434644595,
      -0.019976959830522587,
      -0.0022900875115188877,
      3476.424165825365
    ]
  ],
  "homography": [
    [
      0.01571338256241725,
      0.4264588844079286,
      -464.94012320871036
    ],
    [
      -0.4298753232385234,
      0.014548245603243866,
      1174.490618184608
    ],
    [
      -1.3094631643920868e-05,
      -5.761539848892721e-06,
      0.9999999999999999
    ]
  ],
  "pixels_per_mm": 2.2442727088928223,
  "pixel_size": 0.4455786347389221,
  "camera_height": 0.0,
  "calibration_date": "2025-09-30 17:58:16"
}